ID,年代,満足度,自由記述_ご意見
1,30代,やや不満,スマホアプリのボタンが小さくて押しづらい。特に戻るボタンの位置が不便。
2,20代,やや満足,問い合わせのサポート窓口の対応がとても迅速で親切でした。
3,40代,不満,月額の料金プランが高すぎる。個人事業主向けの小規模プランを作ってほしい。
4,30代,満足,カレンダー機能との同期がスムーズで業務効率が大幅に向上しました。
5,50代,やや不満,文字サイズが全体的に小さく、設定画面の場所を探すのにとても苦労しました。
6,20代,やや不満,初期導入コストが高く、チーム全員で使うには予算が合わない。
7,40代,大変満足,マニュアルやFAQが非常にわかりやすく、導入時のサポートも丁寧でした。
8,30代,普通,同期のスピードがたまに遅れることがある。通信エラー時の挙動を改善してほしい。
9,20代,やや不満,画面のUIやメニューの配置が直感的でなく、機能を探すのが大変です。
10,40代,やや不満,無料プランの機能制限が厳しすぎる。もう少し試せる機能を増やしてほしい。
11,30代,満足,チャットでのサポート対応が素早く、トラブルがあってもすぐに解決できました。
12,50代,不満,操作画面がごちゃごちゃしていて見づらい。もっとシンプルな画面構成にしてほしい。
13,40代,普通,機能は充実しているが、月額利用料が競合サービスに比べてやや割高に感じる。
14,20代,大変満足,外部サービスとのAPI連携やデータ同期が安定していて非常に助かっています。
15,30代,やや不満,スマホ版で文字入力時の画面の崩れがあり、ボタンが隠れてしまうことがある。
16,50代,やや満足,電話サポートの担当者の方が非常に親身になって操作方法を教えてくれました。
17,40代,不満,プランの料金体系が複雑でわかりにくい。年払いの割引率をもっと上げてほしい。
18,20代,満足,リアルタイムでの共同編集とデータ同期のレスポンスが素晴らしいです。
19,30代,やや不満,目的の機能にたどり着くまでの画面遷移が多く、もっとボタンの配置を工夫してほしい。
20,40代,やや不満,追加機能ごとのオプション料金が高く、トータルのコストが膨らんでしまう。
21,50代,普通,使い方の動画チュートリアルや詳しいマニュアルをもっと充実させてほしい。
22,20代,普通,データの読み込みスピードや同期処理のパフォーマンスを改善してほしい。
23,30代,やや不満,デザインはおしゃれだが、ボタンのコントラストが低くどこをクリックできるか見づらい。
24,40代,不満,小規模チーム向けの手頃な料金プランが欲しい。今の価格設定は高すぎます。
25,30代,大変満足,メールでの問い合わせに対する返信がとても丁寧で、説明も的確でした。
26,50代,やや不満,画面の文字やアイコンが小さすぎて見にくい。高齢者にも配慮した画面設計を希望。
27,20代,やや不満,学生や個人利用向けの学割・低価格プランを新設してほしいです。
28,40代,満足,不具合報告をした際のカスタマーサポートの対応スピードに感動しました。
29,30代,満足,他のアプリとの連携設定が簡単で、クラウドへの同期も安定しています。
30,50代,不満,メニューの階層が深すぎて設定画面を探すのに毎回時間がかかる。
31,30代,普通,機能面には満足していますが、毎月のランニングコストが少しネックです。
32,20代,やや満足,サポートコミュニティでの質問に対する回答が丁寧で安心感があります。
33,40代,普通,大量のデータを扱う際に同期が止まることがあるので安定性を向上してほしい。
34,30代,やや不満,画面下部のナビゲーションボタンが小さく、誤操作が頻発して使いにくい。
35,40代,不満,基本料金が高額。使わない機能も多いので従量課金プランを選べるようにしてほしい。
36,50代,満足,初心者向けの導入サポートが手厚く、操作マニュアルも図解付きで助かりました。
37,20代,大変満足,バックグラウンドでの自動同期が高速で、作業の中断がありません。
38,30代,やや不満,ダークモード時の文字が見づらい。画面配色の設定をもっと増やしてほしい。
39,40代,やや不満,機能ごとの価格設定が高すぎる。もっとシンプルで安価なプランがほしい。
40,50代,普通,電話窓口の混雑を解消してほしい。メールサポートの返信自体は丁寧でした。
41,20代,普通,外部ツールとの連携機能をもっと増やしてほしい。現在の同期機能は良好。
42,30代,やや不満,ボタンの配置が押しづらい位置にある。スマホ操作を意識したUIにしてほしい。
43,40代,不満,年間契約の料金が高すぎて更新を迷っている。もう少し割引してほしい。
44,30代,大変満足,技術的な問い合わせにも迅速かつ丁寧に回答していただき非常に信頼できる。
45,50代,やや不満,文字のフォントサイズを変更できるようにしてほしい。画面全体が見づらい。
46,20代,やや不満,無料トライアル期間が短く、料金プランの検討が十分にできなかった。
47,40代,満足,マニュアルの検索機能が使いやすく、疑問点をすぐに自己解決できます。
48,30代,満足,クラウド同期のレスポンスが良く、複数端末での切り替えもスムーズです。
49,50代,不満,どこに何の設定があるか探すのが大変。もっと直感的に操作できる画面にしてほしい。
50,30代,普通,サービス品質には満足しているが、個人利用には費用負担が大きい。
